{"frames": {

"death_01.png":
{
	"frame": {"x":0,"y":0,"w":384,"h":256},
	"rotated": false,
	"trimmed": false,
	"spriteSourceSize": {"x":0,"y":0,"w":384,"h":256},
	"sourceSize": {"w":384,"h":256}
},
"death_02.png":
{
	"frame": {"x":384,"y":0,"w":384,"h":256},
	"rotated": false,
	"trimmed": false,
	"spriteSourceSize": {"x":0,"y":0,"w":384,"h":256},
	"sourceSize": {"w":384,"h":256}
},
"death_03.png":
{
	"frame": {"x":0,"y":256,"w":384,"h":256},
	"rotated": false,
	"trimmed": false,
	"spriteSourceSize": {"x":0,"y":0,"w":384,"h":256},
	"sourceSize": {"w":384,"h":256}
},
"death_04.png":
{
	"frame": {"x":384,"y":256,"w":384,"h":256},
	"rotated": false,
	"trimmed": false,
	"spriteSourceSize": {"x":0,"y":0,"w":384,"h":256},
	"sourceSize": {"w":384,"h":256}
},
"death_05.png":
{
	"frame": {"x":0,"y":512,"w":384,"h":256},
	"rotated": false,
	"trimmed": false,
	"spriteSourceSize": {"x":0,"y":0,"w":384,"h":256},
	"sourceSize": {"w":384,"h":256}
},
"death_06.png":
{
	"frame": {"x":384,"y":512,"w":384,"h":256},
	"rotated": false,
	"trimmed": false,
	"spriteSourceSize": {"x":0,"y":0,"w":384,"h":256},
	"sourceSize": {"w":384,"h":256}
},
"death_07.png":
{
	"frame": {"x":0,"y":768,"w":384,"h":256},
	"rotated": false,
	"trimmed": false,
	"spriteSourceSize": {"x":0,"y":0,"w":384,"h":256},
	"sourceSize": {"w":384,"h":256}
},
"death_08.png":
{
	"frame": {"x":384,"y":768,"w":384,"h":256},
	"rotated": false,
	"trimmed": false,
	"spriteSourceSize": {"x":0,"y":0,"w":384,"h":256},
	"sourceSize": {"w":384,"h":256}
},
"death_09.png":
{
	"frame": {"x":0,"y":1024,"w":384,"h":256},
	"rotated": false,
	"trimmed": false,
	"spriteSourceSize": {"x":0,"y":0,"w":384,"h":256},
	"sourceSize": {"w":384,"h":256}
},
"death_10.png":
{
	"frame": {"x":384,"y":1024,"w":384,"h":256},
	"rotated": false,
	"trimmed": false,
	"spriteSourceSize": {"x":0,"y":0,"w":384,"h":256},
	"sourceSize": {"w":384,"h":256}
},
"death_11.png":
{
	"frame": {"x":0,"y":1280,"w":384,"h":256},
	"rotated": false,
	"trimmed": false,
	"spriteSourceSize": {"x":0,"y":0,"w":384,"h":256},
	"sourceSize": {"w":384,"h":256}
},
"death_12.png":
{
	"frame": {"x":384,"y":1280,"w":384,"h":256},
	"rotated": false,
	"trimmed": false,
	"spriteSourceSize": {"x":0,"y":0,"w":384,"h":256},
	"sourceSize": {"w":384,"h":256}
},
"death_13.png":
{
	"frame": {"x":0,"y":1536,"w":384,"h":256},
	"rotated": false,
	"trimmed": false,
	"spriteSourceSize": {"x":0,"y":0,"w":384,"h":256},
	"sourceSize": {"w":384,"h":256}
}},
"animations": {
	"death": ["death_01.png","death_02.png","death_03.png","death_04.png","death_05.png","death_06.png","death_07.png","death_08.png","death_09.png","death_10.png","death_11.png","death_12.png","death_13.png"]
},
"meta": {
	"app": "https://www.codeandweb.com/texturepacker",
	"version": "1.0",
	"image": "death.png",
	"format": "RGBA8888",
	"size": {"w":768,"h":1792},
	"scale": "1",
	"smartupdate": "$TexturePacker:SmartUpdate:381a39284f9e3cae5707f301acec54ec:5c58223bf8e9ba759ae4993287270975:572aa1586ae03ed41df9ba84da44551f$"
}
}
