{"frames": {

"dust_01.png":
{
	"frame": {"x":0,"y":0,"w":96,"h":36},
	"rotated": false,
	"trimmed": false,
	"spriteSourceSize": {"x":0,"y":0,"w":96,"h":36},
	"sourceSize": {"w":96,"h":36}
},
"dust_02.png":
{
	"frame": {"x":96,"y":0,"w":96,"h":36},
	"rotated": false,
	"trimmed": false,
	"spriteSourceSize": {"x":0,"y":0,"w":96,"h":36},
	"sourceSize": {"w":96,"h":36}
},
"dust_03.png":
{
	"frame": {"x":192,"y":0,"w":96,"h":36},
	"rotated": false,
	"trimmed": false,
	"spriteSourceSize": {"x":0,"y":0,"w":96,"h":36},
	"sourceSize": {"w":96,"h":36}
},
"dust_04.png":
{
	"frame": {"x":288,"y":0,"w":96,"h":36},
	"rotated": false,
	"trimmed": false,
	"spriteSourceSize": {"x":0,"y":0,"w":96,"h":36},
	"sourceSize": {"w":96,"h":36}
},
"dust_05.png":
{
	"frame": {"x":384,"y":0,"w":96,"h":36},
	"rotated": false,
	"trimmed": false,
	"spriteSourceSize": {"x":0,"y":0,"w":96,"h":36},
	"sourceSize": {"w":96,"h":36}
},
"dust_06.png":
{
	"frame": {"x":480,"y":0,"w":96,"h":36},
	"rotated": false,
	"trimmed": false,
	"spriteSourceSize": {"x":0,"y":0,"w":96,"h":36},
	"sourceSize": {"w":96,"h":36}
},
"dust_07.png":
{
	"frame": {"x":576,"y":0,"w":96,"h":36},
	"rotated": false,
	"trimmed": false,
	"spriteSourceSize": {"x":0,"y":0,"w":96,"h":36},
	"sourceSize": {"w":96,"h":36}
},
"dust_08.png":
{
	"frame": {"x":672,"y":0,"w":96,"h":36},
	"rotated": false,
	"trimmed": false,
	"spriteSourceSize": {"x":0,"y":0,"w":96,"h":36},
	"sourceSize": {"w":96,"h":36}
}},
"animations": {
	"dust": ["dust_01.png","dust_02.png","dust_03.png","dust_04.png","dust_05.png","dust_06.png","dust_07.png","dust_08.png"]
},
"meta": {
	"app": "https://www.codeandweb.com/texturepacker",
	"version": "1.0",
	"image": "dust.png",
	"format": "RGBA8888",
	"size": {"w":768,"h":36},
	"scale": "1",
	"smartupdate": "$TexturePacker:SmartUpdate:93d6e4ce11313f853d7adf1eeb6d2987:299486d999999903a67fa07d75e87896:6102e2432638aae1387580555bbf3708$"
}
}
