{"frames": {

"hurt_01.png":
{
	"frame": {"x":0,"y":0,"w":384,"h":256},
	"rotated": false,
	"trimmed": false,
	"spriteSourceSize": {"x":0,"y":0,"w":384,"h":256},
	"sourceSize": {"w":384,"h":256},
	"anchor": {"x":0.5,"y":0.5}
},
"hurt_02.png":
{
	"frame": {"x":384,"y":0,"w":384,"h":256},
	"rotated": false,
	"trimmed": false,
	"spriteSourceSize": {"x":0,"y":0,"w":384,"h":256},
	"sourceSize": {"w":384,"h":256},
	"anchor": {"x":0.5,"y":0.5}
},
"hurt_03.png":
{
	"frame": {"x":0,"y":256,"w":384,"h":256},
	"rotated": false,
	"trimmed": false,
	"spriteSourceSize": {"x":0,"y":0,"w":384,"h":256},
	"sourceSize": {"w":384,"h":256},
	"anchor": {"x":0.5,"y":0.5}
},
"hurt_04.png":
{
	"frame": {"x":384,"y":256,"w":384,"h":256},
	"rotated": false,
	"trimmed": false,
	"spriteSourceSize": {"x":0,"y":0,"w":384,"h":256},
	"sourceSize": {"w":384,"h":256},
	"anchor": {"x":0.5,"y":0.5}
},
"hurt_05.png":
{
	"frame": {"x":0,"y":512,"w":384,"h":256},
	"rotated": false,
	"trimmed": false,
	"spriteSourceSize": {"x":0,"y":0,"w":384,"h":256},
	"sourceSize": {"w":384,"h":256},
	"anchor": {"x":0.5,"y":0.5}
},
"hurt_06.png":
{
	"frame": {"x":384,"y":512,"w":384,"h":256},
	"rotated": false,
	"trimmed": false,
	"spriteSourceSize": {"x":0,"y":0,"w":384,"h":256},
	"sourceSize": {"w":384,"h":256},
	"anchor": {"x":0.5,"y":0.5}
},
"hurt_07.png":
{
	"frame": {"x":0,"y":768,"w":384,"h":256},
	"rotated": false,
	"trimmed": false,
	"spriteSourceSize": {"x":0,"y":0,"w":384,"h":256},
	"sourceSize": {"w":384,"h":256},
	"anchor": {"x":0.5,"y":0.5}
},
"hurt_08.png":
{
	"frame": {"x":384,"y":768,"w":384,"h":256},
	"rotated": false,
	"trimmed": false,
	"spriteSourceSize": {"x":0,"y":0,"w":384,"h":256},
	"sourceSize": {"w":384,"h":256},
	"anchor": {"x":0.5,"y":0.5}
}},
"animations": {
	"hurt": ["hurt_01.png","hurt_02.png","hurt_03.png","hurt_04.png","hurt_05.png","hurt_06.png","hurt_07.png","hurt_08.png"]
},
"meta": {
	"app": "https://www.codeandweb.com/texturepacker",
	"version": "1.0",
	"image": "hurt.png",
	"format": "RGBA8888",
	"size": {"w":768,"h":1024},
	"scale": "1",
	"smartupdate": "$TexturePacker:SmartUpdate:cffd4cada1126116a83e218b28ecfd8b:f0a498bd0a69548ccdd4d0240289e911:9dda0143683f3b079bf6b30705451832$"
}
}
