{"frames": {

"jump_01.png":
{
	"frame": {"x":0,"y":0,"w":384,"h":256},
	"rotated": false,
	"trimmed": false,
	"spriteSourceSize": {"x":0,"y":0,"w":384,"h":256},
	"sourceSize": {"w":384,"h":256},
	"anchor": {"x":0.5,"y":0.5}
},
"jump_02.png":
{
	"frame": {"x":384,"y":0,"w":384,"h":256},
	"rotated": false,
	"trimmed": false,
	"spriteSourceSize": {"x":0,"y":0,"w":384,"h":256},
	"sourceSize": {"w":384,"h":256},
	"anchor": {"x":0.5,"y":0.5}
},
"jump_03.png":
{
	"frame": {"x":768,"y":0,"w":384,"h":256},
	"rotated": false,
	"trimmed": false,
	"spriteSourceSize": {"x":0,"y":0,"w":384,"h":256},
	"sourceSize": {"w":384,"h":256},
	"anchor": {"x":0.5,"y":0.5}
},
"jump_04.png":
{
	"frame": {"x":1152,"y":0,"w":384,"h":256},
	"rotated": false,
	"trimmed": false,
	"spriteSourceSize": {"x":0,"y":0,"w":384,"h":256},
	"sourceSize": {"w":384,"h":256},
	"anchor": {"x":0.5,"y":0.5}
},
"jump_05.png":
{
	"frame": {"x":1536,"y":0,"w":384,"h":256},
	"rotated": false,
	"trimmed": false,
	"spriteSourceSize": {"x":0,"y":0,"w":384,"h":256},
	"sourceSize": {"w":384,"h":256},
	"anchor": {"x":0.5,"y":0.5}
},
"jump_06.png":
{
	"frame": {"x":0,"y":256,"w":384,"h":256},
	"rotated": false,
	"trimmed": false,
	"spriteSourceSize": {"x":0,"y":0,"w":384,"h":256},
	"sourceSize": {"w":384,"h":256},
	"anchor": {"x":0.5,"y":0.5}
},
"jump_07.png":
{
	"frame": {"x":384,"y":256,"w":384,"h":256},
	"rotated": false,
	"trimmed": false,
	"spriteSourceSize": {"x":0,"y":0,"w":384,"h":256},
	"sourceSize": {"w":384,"h":256},
	"anchor": {"x":0.5,"y":0.5}
},
"jump_08.png":
{
	"frame": {"x":768,"y":256,"w":384,"h":256},
	"rotated": false,
	"trimmed": false,
	"spriteSourceSize": {"x":0,"y":0,"w":384,"h":256},
	"sourceSize": {"w":384,"h":256},
	"anchor": {"x":0.5,"y":0.5}
},
"jump_09.png":
{
	"frame": {"x":1152,"y":256,"w":384,"h":256},
	"rotated": false,
	"trimmed": false,
	"spriteSourceSize": {"x":0,"y":0,"w":384,"h":256},
	"sourceSize": {"w":384,"h":256},
	"anchor": {"x":0.5,"y":0.5}
}},
"animations": {
	"jump": ["jump_01.png","jump_02.png","jump_03.png","jump_04.png","jump_05.png","jump_06.png","jump_07.png","jump_08.png","jump_09.png"]
},
"meta": {
	"app": "https://www.codeandweb.com/texturepacker",
	"version": "1.0",
	"image": "jump.png",
	"format": "RGBA8888",
	"size": {"w":1920,"h":512},
	"scale": "1",
	"smartupdate": "$TexturePacker:SmartUpdate:60a1e87054aa096ba8a3a85743741e30:a8101de3a30d6675fee72f94aab42fea:56c9fa24931e40777fe0ddacfe328adf$"
}
}
