{"frames": {

"roll_01.png":
{
	"frame": {"x":0,"y":0,"w":384,"h":256},
	"rotated": false,
	"trimmed": false,
	"spriteSourceSize": {"x":0,"y":0,"w":384,"h":256},
	"sourceSize": {"w":384,"h":256}
},
"roll_02.png":
{
	"frame": {"x":384,"y":0,"w":384,"h":256},
	"rotated": false,
	"trimmed": false,
	"spriteSourceSize": {"x":0,"y":0,"w":384,"h":256},
	"sourceSize": {"w":384,"h":256}
},
"roll_03.png":
{
	"frame": {"x":0,"y":256,"w":384,"h":256},
	"rotated": false,
	"trimmed": false,
	"spriteSourceSize": {"x":0,"y":0,"w":384,"h":256},
	"sourceSize": {"w":384,"h":256}
},
"roll_04.png":
{
	"frame": {"x":384,"y":256,"w":384,"h":256},
	"rotated": false,
	"trimmed": false,
	"spriteSourceSize": {"x":0,"y":0,"w":384,"h":256},
	"sourceSize": {"w":384,"h":256}
},
"roll_05.png":
{
	"frame": {"x":0,"y":512,"w":384,"h":256},
	"rotated": false,
	"trimmed": false,
	"spriteSourceSize": {"x":0,"y":0,"w":384,"h":256},
	"sourceSize": {"w":384,"h":256}
},
"roll_06.png":
{
	"frame": {"x":384,"y":512,"w":384,"h":256},
	"rotated": false,
	"trimmed": false,
	"spriteSourceSize": {"x":0,"y":0,"w":384,"h":256},
	"sourceSize": {"w":384,"h":256}
},
"roll_07.png":
{
	"frame": {"x":0,"y":768,"w":384,"h":256},
	"rotated": false,
	"trimmed": false,
	"spriteSourceSize": {"x":0,"y":0,"w":384,"h":256},
	"sourceSize": {"w":384,"h":256}
},
"roll_08.png":
{
	"frame": {"x":384,"y":768,"w":384,"h":256},
	"rotated": false,
	"trimmed": false,
	"spriteSourceSize": {"x":0,"y":0,"w":384,"h":256},
	"sourceSize": {"w":384,"h":256}
},
"roll_09.png":
{
	"frame": {"x":0,"y":1024,"w":384,"h":256},
	"rotated": false,
	"trimmed": false,
	"spriteSourceSize": {"x":0,"y":0,"w":384,"h":256},
	"sourceSize": {"w":384,"h":256}
},
"roll_10.png":
{
	"frame": {"x":384,"y":1024,"w":384,"h":256},
	"rotated": false,
	"trimmed": false,
	"spriteSourceSize": {"x":0,"y":0,"w":384,"h":256},
	"sourceSize": {"w":384,"h":256}
}},
"animations": {
	"roll": ["roll_01.png","roll_02.png","roll_03.png","roll_04.png","roll_05.png","roll_06.png","roll_07.png","roll_08.png","roll_09.png","roll_10.png"]
},
"meta": {
	"app": "https://www.codeandweb.com/texturepacker",
	"version": "1.0",
	"image": "roll.png",
	"format": "RGBA8888",
	"size": {"w":768,"h":1280},
	"scale": "1",
	"smartupdate": "$TexturePacker:SmartUpdate:50041f6e8dd70d79c7adf920043d2d2a:78e482a05885787d0d9f1051cef6cf8e:9d8e031ffab51c2f6a669aa97d76b99d$"
}
}
