{"frames": {

"skeleton_01.png":
{
	"frame": {"x":0,"y":0,"w":384,"h":256},
	"rotated": false,
	"trimmed": false,
	"spriteSourceSize": {"x":0,"y":0,"w":384,"h":256},
	"sourceSize": {"w":384,"h":256}
},
"skeleton_02.png":
{
	"frame": {"x":384,"y":0,"w":384,"h":256},
	"rotated": false,
	"trimmed": false,
	"spriteSourceSize": {"x":0,"y":0,"w":384,"h":256},
	"sourceSize": {"w":384,"h":256}
},
"skeleton_03.png":
{
	"frame": {"x":0,"y":256,"w":384,"h":256},
	"rotated": false,
	"trimmed": false,
	"spriteSourceSize": {"x":0,"y":0,"w":384,"h":256},
	"sourceSize": {"w":384,"h":256}
},
"skeleton_04.png":
{
	"frame": {"x":384,"y":256,"w":384,"h":256},
	"rotated": false,
	"trimmed": false,
	"spriteSourceSize": {"x":0,"y":0,"w":384,"h":256},
	"sourceSize": {"w":384,"h":256}
},
"skeleton_05.png":
{
	"frame": {"x":0,"y":512,"w":384,"h":256},
	"rotated": false,
	"trimmed": false,
	"spriteSourceSize": {"x":0,"y":0,"w":384,"h":256},
	"sourceSize": {"w":384,"h":256}
},
"skeleton_06.png":
{
	"frame": {"x":384,"y":512,"w":384,"h":256},
	"rotated": false,
	"trimmed": false,
	"spriteSourceSize": {"x":0,"y":0,"w":384,"h":256},
	"sourceSize": {"w":384,"h":256}
}},
"animations": {
	"skeleton": ["skeleton_01.png","skeleton_02.png","skeleton_03.png","skeleton_04.png","skeleton_05.png","skeleton_06.png"]
},
"meta": {
	"app": "https://www.codeandweb.com/texturepacker",
	"version": "1.0",
	"image": "skeleton.png",
	"format": "RGBA8888",
	"size": {"w":768,"h":768},
	"scale": "1",
	"smartupdate": "$TexturePacker:SmartUpdate:5bb1d0d94d04b4761862057d3119a3d3:5d547776b5f2b914882d9f829ccc87be:d250a93a37aebe3125719817b45d8e4d$"
}
}
